Datetime,Open,High,Low,Close,Adj Close,Volume
2022-07-28 09:30:00-04:00,156.97999572753906,157.38999938964844,156.60000610351562,157.38999938964844,157.38999938964844,2468465
2022-07-28 09:31:00-04:00,157.35000610351562,157.49000549316406,157.19000244140625,157.2100067138672,157.2100067138672,360493
2022-07-28 09:32:00-04:00,157.22000122070312,157.39990234375,156.85000610351562,156.87159729003906,156.87159729003906,276160
2022-07-28 09:33:00-04:00,156.5,156.52999877929688,156.42999267578125,156.44000244140625,156.44000244140625,407853
2022-07-28 09:34:00-04:00,156.5,156.61500549316406,156.5,156.58999633789062,156.58999633789062,224179
2022-07-28 09:35:00-04:00,156.41920471191406,156.42999267578125,156.39999389648438,156.4199981689453,156.4199981689453,278270
2022-07-28 09:36:00-04:00,156.5,156.5198974609375,156.47999572753906,156.5198974609375,156.5198974609375,215534
2022-07-28 09:37:00-04:00,156.5,156.61000061035156,156.36500549316406,156.3800048828125,156.3800048828125,242360
2022-07-28 09:38:00-04:00,156.08999633789062,156.09710693359375,156.0832061767578,156.09710693359375,156.09710693359375,259336
2022-07-28 09:39:00-04:00,156.0,156.0,155.83999633789062,155.8800048828125,155.8800048828125,239355
2022-07-28 09:40:00-04:00,155.83999633789062,155.85000610351562,155.75,155.75010681152344,155.75010681152344,201437
2022-07-28 09:41:00-04:00,155.75,155.89999389648438,155.74000549316406,155.8300018310547,155.8300018310547,204384
2022-07-28 09:42:00-04:00,155.75,155.75,155.6300048828125,155.63999938964844,155.63999938964844,234640
2022-07-28 09:43:00-04:00,155.75,155.75999450683594,155.65060424804688,155.6750030517578,155.6750030517578,224264
2022-07-28 09:44:00-04:00,155.375,155.375,155.3199005126953,155.3300018310547,155.3300018310547,263360
2022-07-28 09:45:00-04:00,155.25,155.2550048828125,155.13999938964844,155.22999572753906,155.22999572753906,312357
2022-07-28 09:46:00-04:00,155.12109375,155.2050018310547,155.0399932861328,155.1300048828125,155.1300048828125,269974
2022-07-28 09:47:00-04:00,155.0,155.13999938964844,155.0,155.03990173339844,155.03990173339844,297240
2022-07-28 09:48:00-04:00,155.125,155.30259704589844,155.12139892578125,155.19000244140625,155.19000244140625,225858
2022-07-28 09:49:00-04:00,155.25,155.32989501953125,155.25,155.31500244140625,155.31500244140625,180238
2022-07-28 09:50:00-04:00,155.2384033203125,155.4398956298828,155.2384033203125,155.33999633789062,155.33999633789062,178177
2022-07-28 09:51:00-04:00,155.25010681152344,155.30999755859375,155.25010681152344,155.26499938964844,155.26499938964844,185619
2022-07-28 09:52:00-04:00,155.25,155.2899932861328,155.2100067138672,155.2100067138672,155.2100067138672,165284
2022-07-28 09:53:00-04:00,155.01980590820312,155.08999633789062,154.89999389648438,154.89999389648438,154.89999389648438,293660
2022-07-28 09:54:00-04:00,155.0,155.14019775390625,154.99000549316406,155.0500030517578,155.0500030517578,264136
2022-07-28 09:55:00-04:00,155.33999633789062,155.360107421875,155.3300018310547,155.360107421875,155.360107421875,187681
2022-07-28 09:56:00-04:00,155.5,155.5,155.4199981689453,155.4600067138672,155.4600067138672,210959
2022-07-28 09:57:00-04:00,155.5,155.52999877929688,155.32000732421875,155.41000366210938,155.41000366210938,247759
2022-07-28 09:58:00-04:00,155.3800048828125,155.47000122070312,155.27499389648438,155.39999389648438,155.39999389648438,144131
2022-07-28 09:59:00-04:00,155.39999389648438,155.50999450683594,155.27999877929688,155.41000366210938,155.41000366210938,171560
2022-07-28 10:00:00-04:00,155.4199981689453,155.74000549316406,155.36000061035156,155.64500427246094,155.64500427246094,241349
2022-07-28 10:01:00-04:00,155.6300048828125,155.8408966064453,155.58999633789062,155.7949981689453,155.7949981689453,233477
2022-07-28 10:02:00-04:00,155.7899932861328,155.83999633789062,155.6699981689453,155.80990600585938,155.80990600585938,183586
2022-07-28 10:03:00-04:00,155.80499267578125,155.94500732421875,155.8000030517578,155.83999633789062,155.83999633789062,211886
2022-07-28 10:04:00-04:00,155.8311004638672,155.88999938964844,155.75,155.8636932373047,155.8636932373047,164180
2022-07-28 10:05:00-04:00,155.86500549316406,155.8800048828125,155.6300048828125,155.6511993408203,155.6511993408203,163886
2022-07-28 10:06:00-04:00,155.63999938964844,155.6750030517578,155.25999450683594,155.26010131835938,155.26010131835938,280475
2022-07-28 10:07:00-04:00,155.27000427246094,155.36000061035156,155.1699981689453,155.3300018310547,155.3300018310547,173202
2022-07-28 10:08:00-04:00,155.35000610351562,155.38999938964844,154.99000549316406,155.11839294433594,155.11839294433594,228300
2022-07-28 10:09:00-04:00,155.12869262695312,155.3300018310547,155.12869262695312,155.3300018310547,155.3300018310547,148821
2022-07-28 10:10:00-04:00,155.35000610351562,155.52000427246094,155.33999633789062,155.3800048828125,155.3800048828125,171857
2022-07-28 10:11:00-04:00,155.38999938964844,155.44000244140625,155.28500366210938,155.30990600585938,155.30990600585938,116013
2022-07-28 10:12:00-04:00,155.2899932861328,155.29989624023438,155.16000366210938,155.16000366210938,155.16000366210938,128700
2022-07-28 10:13:00-04:00,155.14999389648438,155.44000244140625,155.0850067138672,155.42300415039062,155.42300415039062,207899
2022-07-28 10:14:00-04:00,155.4250030517578,155.4550018310547,155.17999267578125,155.40989685058594,155.40989685058594,167966
2022-07-28 10:15:00-04:00,155.40499877929688,155.49000549316406,155.3000030517578,155.3300018310547,155.3300018310547,139648
2022-07-28 10:16:00-04:00,155.32000732421875,155.49949645996094,155.2700958251953,155.4949951171875,155.4949951171875,146083
2022-07-28 10:17:00-04:00,155.4949951171875,155.53590393066406,155.36000061035156,155.36000061035156,155.36000061035156,117353
2022-07-28 10:18:00-04:00,155.35000610351562,155.36000061035156,155.19500732421875,155.2449951171875,155.2449951171875,142805
2022-07-28 10:19:00-04:00,155.25,155.3699951171875,155.1699981689453,155.27000427246094,155.27000427246094,150849
2022-07-28 10:20:00-04:00,155.27000427246094,155.32000732421875,154.9550018310547,155.10000610351562,155.10000610351562,218052
2022-07-28 10:21:00-04:00,155.10000610351562,155.3000030517578,154.99000549316406,154.99339294433594,154.99339294433594,133799
2022-07-28 10:22:00-04:00,154.99000549316406,155.05999755859375,154.80999755859375,154.8300018310547,154.8300018310547,220485
2022-07-28 10:23:00-04:00,154.8209991455078,154.98080444335938,154.82000732421875,154.9600067138672,154.9600067138672,138074
2022-07-28 10:24:00-04:00,154.97999572753906,155.02999877929688,154.88999938964844,154.92999267578125,154.92999267578125,161546
2022-07-28 10:25:00-04:00,154.9499969482422,155.06939697265625,154.6649932861328,154.67990112304688,154.67990112304688,215088
2022-07-28 10:26:00-04:00,154.67999267578125,154.80999755859375,154.5399932861328,154.5500030517578,154.5500030517578,183960
2022-07-28 10:27:00-04:00,154.55499267578125,154.63999938964844,154.41000366210938,154.60000610351562,154.60000610351562,306357
2022-07-28 10:28:00-04:00,154.60499572753906,154.8000030517578,154.60499572753906,154.7899932861328,154.7899932861328,149047
2022-07-28 10:29:00-04:00,154.7899932861328,154.85000610351562,154.69009399414062,154.80499267578125,154.80499267578125,96689
2022-07-28 10:30:00-04:00,154.7899932861328,154.88999938964844,154.72000122070312,154.7449951171875,154.7449951171875,142260
2022-07-28 10:31:00-04:00,154.74989318847656,154.85499572753906,154.6999969482422,154.85000610351562,154.85000610351562,151197
2022-07-28 10:32:00-04:00,154.8404998779297,154.8699951171875,154.58999633789062,154.72000122070312,154.72000122070312,131323
2022-07-28 10:33:00-04:00,154.7100067138672,154.8000030517578,154.6999969482422,154.75999450683594,154.75999450683594,103432
2022-07-28 10:34:00-04:00,154.77000427246094,154.86000061035156,154.76010131835938,154.77000427246094,154.77000427246094,99012
2022-07-28 10:35:00-04:00,154.77000427246094,154.9499969482422,154.75999450683594,154.91000366210938,154.91000366210938,148597
2022-07-28 10:36:00-04:00,154.91000366210938,155.064697265625,154.889892578125,155.0500030517578,155.0500030517578,150959
2022-07-28 10:37:00-04:00,155.0500030517578,155.25,155.02000427246094,155.1699981689453,155.1699981689453,179439
2022-07-28 10:38:00-04:00,155.1699981689453,155.29989624023438,155.13169860839844,155.1699981689453,155.1699981689453,129375
2022-07-28 10:39:00-04:00,155.1613006591797,155.2509002685547,155.0709991455078,155.1300048828125,155.1300048828125,137946
2022-07-28 10:40:00-04:00,155.12429809570312,155.30999755859375,155.1199951171875,155.22000122070312,155.22000122070312,100282
2022-07-28 10:41:00-04:00,155.22000122070312,155.33990478515625,155.16000366210938,155.16000366210938,155.16000366210938,97661
2022-07-28 10:42:00-04:00,155.16000366210938,155.25,155.10009765625,155.2100067138672,155.2100067138672,95057
2022-07-28 10:43:00-04:00,155.1999969482422,155.1999969482422,155.02000427246094,155.1649932861328,155.1649932861328,123282
2022-07-28 10:44:00-04:00,155.14999389648438,155.27000427246094,155.0800018310547,155.2100067138672,155.2100067138672,102155
2022-07-28 10:45:00-04:00,155.22999572753906,155.32000732421875,155.15499877929688,155.18179321289062,155.18179321289062,108054
2022-07-28 10:46:00-04:00,155.19000244140625,155.44000244140625,155.14999389648438,155.4199981689453,155.4199981689453,182681
2022-07-28 10:47:00-04:00,155.42999267578125,155.64999389648438,155.41000366210938,155.6490020751953,155.6490020751953,180135
2022-07-28 10:48:00-04:00,155.55999755859375,155.66000366210938,155.52999877929688,155.53799438476562,155.53799438476562,206240
2022-07-28 10:49:00-04:00,155.5449981689453,155.58999633789062,155.50999450683594,155.57000732421875,155.57000732421875,124202
2022-07-28 10:50:00-04:00,155.5800018310547,155.58999633789062,155.41000366210938,155.50999450683594,155.50999450683594,178860
2022-07-28 10:51:00-04:00,155.5054931640625,155.50999450683594,155.42999267578125,155.4600067138672,155.4600067138672,91062
2022-07-28 10:52:00-04:00,155.47999572753906,155.6199951171875,155.47999572753906,155.58999633789062,155.58999633789062,123113
2022-07-28 10:53:00-04:00,155.60000610351562,155.6072998046875,155.43499755859375,155.47000122070312,155.47000122070312,107176
2022-07-28 10:54:00-04:00,155.47230529785156,155.5,155.36000061035156,155.42999267578125,155.42999267578125,110139
2022-07-28 10:55:00-04:00,155.4250030517578,155.58470153808594,155.35000610351562,155.55499267578125,155.55499267578125,123142
2022-07-28 10:56:00-04:00,155.5399932861328,155.7100067138672,155.4600067138672,155.69000244140625,155.69000244140625,156043
2022-07-28 10:57:00-04:00,155.6999969482422,155.77999877929688,155.67999267578125,155.73500061035156,155.73500061035156,144538
2022-07-28 10:58:00-04:00,155.73500061035156,155.79550170898438,155.72000122070312,155.75999450683594,155.75999450683594,117959
2022-07-28 10:59:00-04:00,155.7624969482422,155.89999389648438,155.7624969482422,155.89990234375,155.89990234375,135102
2022-07-28 11:00:00-04:00,155.89999389648438,155.97999572753906,155.8699951171875,155.97500610351562,155.97500610351562,140107
2022-07-28 11:01:00-04:00,155.9600067138672,156.24000549316406,155.95010375976562,156.2230987548828,156.2230987548828,253201
2022-07-28 11:02:00-04:00,156.22000122070312,156.36500549316406,156.1999969482422,156.3300018310547,156.3300018310547,251281
2022-07-28 11:03:00-04:00,156.3300018310547,156.3800048828125,156.27999877929688,156.36000061035156,156.36000061035156,170124
2022-07-28 11:04:00-04:00,156.3699951171875,156.39999389648438,156.22999572753906,156.25,156.25,172887
2022-07-28 11:05:00-04:00,156.25999450683594,156.52000427246094,156.25,156.52000427246094,156.52000427246094,177863
2022-07-28 11:06:00-04:00,156.52999877929688,156.58200073242188,156.48500061035156,156.50999450683594,156.50999450683594,144331
2022-07-28 11:07:00-04:00,156.51119995117188,156.6649932861328,156.49000549316406,156.51010131835938,156.51010131835938,198136
2022-07-28 11:08:00-04:00,156.52000427246094,156.52999877929688,156.4199981689453,156.44500732421875,156.44500732421875,155656
2022-07-28 11:09:00-04:00,156.44000244140625,156.5749969482422,156.42999267578125,156.50999450683594,156.50999450683594,116027
2022-07-28 11:10:00-04:00,156.52000427246094,156.5399932861328,156.41000366210938,156.4199981689453,156.4199981689453,94891
2022-07-28 11:11:00-04:00,156.42999267578125,156.48489379882812,156.30999755859375,156.3267059326172,156.3267059326172,160024
2022-07-28 11:12:00-04:00,156.32000732421875,156.43089294433594,156.27000427246094,156.41990661621094,156.41990661621094,141271
2022-07-28 11:13:00-04:00,156.4250030517578,156.61000061035156,156.4199981689453,156.4499969482422,156.4499969482422,144259
2022-07-28 11:14:00-04:00,156.4582061767578,156.5500030517578,156.41000366210938,156.5500030517578,156.5500030517578,142142
2022-07-28 11:15:00-04:00,156.5500030517578,156.55299377441406,156.39999389648438,156.47000122070312,156.47000122070312,84451
2022-07-28 11:16:00-04:00,156.470703125,156.57000732421875,156.39999389648438,156.50999450683594,156.50999450683594,92294
2022-07-28 11:17:00-04:00,156.52999877929688,156.60000610351562,156.41099548339844,156.41099548339844,156.41099548339844,117268
2022-07-28 11:18:00-04:00,156.4149932861328,156.42999267578125,156.3249969482422,156.3350067138672,156.3350067138672,114251
2022-07-28 11:19:00-04:00,156.3350067138672,156.44000244140625,156.30999755859375,156.36000061035156,156.36000061035156,102526
2022-07-28 11:20:00-04:00,156.36500549316406,156.36500549316406,156.24000549316406,156.3070068359375,156.3070068359375,109944
2022-07-28 11:21:00-04:00,156.3000946044922,156.38999938964844,156.3000030517578,156.38999938964844,156.38999938964844,75751
2022-07-28 11:22:00-04:00,156.38999938964844,156.38999938964844,156.3300018310547,156.3509979248047,156.3509979248047,69966
2022-07-28 11:23:00-04:00,156.35000610351562,156.5500030517578,156.35000610351562,156.49000549316406,156.49000549316406,146666
2022-07-28 11:24:00-04:00,156.49000549316406,156.6999969482422,156.49000549316406,156.60000610351562,156.60000610351562,247260
2022-07-28 11:25:00-04:00,156.60499572753906,156.75,156.60000610351562,156.7030029296875,156.7030029296875,169969
2022-07-28 11:26:00-04:00,156.6999969482422,156.8000030517578,156.67999267578125,156.67999267578125,156.67999267578125,223863
2022-07-28 11:27:00-04:00,156.69000244140625,156.8300018310547,156.66000366210938,156.80360412597656,156.80360412597656,153579
2022-07-28 11:28:00-04:00,156.80999755859375,156.83999633789062,156.7550048828125,156.8300018310547,156.8300018310547,120493
2022-07-28 11:29:00-04:00,156.8300018310547,156.88999938964844,156.7899932861328,156.86000061035156,156.86000061035156,140133
2022-07-28 11:30:00-04:00,156.86000061035156,156.88250732421875,156.7050018310547,156.7050018310547,156.7050018310547,161755
2022-07-28 11:31:00-04:00,156.70989990234375,156.70989990234375,156.56500244140625,156.57000732421875,156.57000732421875,181558
2022-07-28 11:32:00-04:00,156.57029724121094,156.67999267578125,156.44590759277344,156.4499969482422,156.4499969482422,146888
2022-07-28 11:33:00-04:00,156.4550018310547,156.59500122070312,156.44000244140625,156.5749969482422,156.5749969482422,113377
2022-07-28 11:34:00-04:00,156.5800018310547,156.5998992919922,156.52000427246094,156.56500244140625,156.56500244140625,105256
2022-07-28 11:35:00-04:00,156.5749969482422,156.58999633789062,156.5,156.5301055908203,156.5301055908203,64861
2022-07-28 11:36:00-04:00,156.53500366210938,156.5800018310547,156.47000122070312,156.51499938964844,156.51499938964844,65611
2022-07-28 11:37:00-04:00,156.52000427246094,156.6300048828125,156.50999450683594,156.60000610351562,156.60000610351562,107322
2022-07-28 11:38:00-04:00,156.6199951171875,156.72500610351562,156.58999633789062,156.68499755859375,156.68499755859375,109554
2022-07-28 11:39:00-04:00,156.66000366210938,156.69000244140625,156.5800018310547,156.63999938964844,156.63999938964844,89701
2022-07-28 11:40:00-04:00,156.63009643554688,156.67999267578125,156.55999755859375,156.67999267578125,156.67999267578125,98574
2022-07-28 11:41:00-04:00,156.67999267578125,156.72000122070312,156.52999877929688,156.5937042236328,156.5937042236328,149985
2022-07-28 11:42:00-04:00,156.60000610351562,156.61000061035156,156.3699951171875,156.5399932861328,156.5399932861328,211286
2022-07-28 11:43:00-04:00,156.53500366210938,156.64500427246094,156.51499938964844,156.63499450683594,156.63499450683594,132151
2022-07-28 11:44:00-04:00,156.63999938964844,156.8000030517578,156.57000732421875,156.69000244140625,156.69000244140625,192404
2022-07-28 11:45:00-04:00,156.69459533691406,156.84359741210938,156.51499938964844,156.5449981689453,156.5449981689453,293005
2022-07-28 11:46:00-04:00,156.5449981689453,156.55999755859375,156.28500366210938,156.36000061035156,156.36000061035156,248373
2022-07-28 11:47:00-04:00,156.36000061035156,156.49989318847656,156.35000610351562,156.46090698242188,156.46090698242188,100117
2022-07-28 11:48:00-04:00,156.46009826660156,156.53500366210938,156.3800048828125,156.53500366210938,156.53500366210938,93197
2022-07-28 11:49:00-04:00,156.53500366210938,156.63999938964844,156.52000427246094,156.60940551757812,156.60940551757812,137890
2022-07-28 11:50:00-04:00,156.61000061035156,156.82000732421875,156.60000610351562,156.8000030517578,156.8000030517578,188729
2022-07-28 11:51:00-04:00,156.8000030517578,156.89999389648438,156.8000030517578,156.89500427246094,156.89500427246094,184558
2022-07-28 11:52:00-04:00,156.88999938964844,156.9499969482422,156.81500244140625,156.93499755859375,156.93499755859375,246085
2022-07-28 11:53:00-04:00,156.9375,157.08999633789062,156.88499450683594,157.0655059814453,157.0655059814453,322451
2022-07-28 11:54:00-04:00,157.05999755859375,157.08999633789062,156.9499969482422,156.9499969482422,156.9499969482422,136106
2022-07-28 11:55:00-04:00,156.94000244140625,157.02000427246094,156.9199981689453,156.9499969482422,156.9499969482422,138323
2022-07-28 11:56:00-04:00,156.9600067138672,157.03990173339844,156.9250030517578,156.9949951171875,156.9949951171875,143143
2022-07-28 11:57:00-04:00,157.00999450683594,157.04989624023438,156.94000244140625,157.01499938964844,157.01499938964844,124503
2022-07-28 11:58:00-04:00,157.00999450683594,157.0399932861328,156.9499969482422,156.9550018310547,156.9550018310547,129465
2022-07-28 11:59:00-04:00,156.9499969482422,156.99000549316406,156.88999938964844,156.89500427246094,156.89500427246094,97323
2022-07-28 12:00:00-04:00,156.89549255371094,156.99000549316406,156.8800048828125,156.97999572753906,156.97999572753906,103801
2022-07-28 12:01:00-04:00,156.99000549316406,157.02999877929688,156.8618927001953,157.0,157.0,119528
2022-07-28 12:02:00-04:00,157.00999450683594,157.02000427246094,156.88999938964844,156.93179321289062,156.93179321289062,135692
2022-07-28 12:03:00-04:00,156.92999267578125,157.0,156.875,156.94500732421875,156.94500732421875,106905
2022-07-28 12:04:00-04:00,156.9499969482422,157.0500030517578,156.9499969482422,157.0,157.0,152815
2022-07-28 12:05:00-04:00,156.99000549316406,157.07989501953125,156.91000366210938,157.05999755859375,157.05999755859375,135792
2022-07-28 12:06:00-04:00,157.07000732421875,157.07000732421875,156.9600067138672,156.99000549316406,156.99000549316406,140736
2022-07-28 12:07:00-04:00,156.99000549316406,157.0449981689453,156.9499969482422,157.0,157.0,108870
2022-07-28 12:08:00-04:00,157.0,157.02999877929688,156.94000244140625,156.9799041748047,156.9799041748047,90054
2022-07-28 12:09:00-04:00,156.97999572753906,157.0399932861328,156.92999267578125,156.97999572753906,156.97999572753906,144581
2022-07-28 12:10:00-04:00,156.97000122070312,157.05499267578125,156.97000122070312,157.0200958251953,157.0200958251953,103125
2022-07-28 12:11:00-04:00,157.0399932861328,157.13499450683594,157.0,157.0688934326172,157.0688934326172,135151
2022-07-28 12:12:00-04:00,157.05999755859375,157.0998992919922,157.0449981689453,157.08999633789062,157.08999633789062,48120
2022-07-28 12:13:00-04:00,157.08999633789062,157.08999633789062,157.00990295410156,157.0500030517578,157.0500030517578,90255
2022-07-28 12:14:00-04:00,157.0399932861328,157.07000732421875,156.9600067138672,157.01499938964844,157.01499938964844,97906
2022-07-28 12:15:00-04:00,157.02000427246094,157.06500244140625,156.97000122070312,156.99989318847656,156.99989318847656,92250
2022-07-28 12:16:00-04:00,156.99000549316406,157.10000610351562,156.99000549316406,157.0850067138672,157.0850067138672,134793
2022-07-28 12:17:00-04:00,157.08999633789062,157.08999633789062,156.89999389648438,156.9199981689453,156.9199981689453,151053
2022-07-28 12:18:00-04:00,156.91720581054688,156.97000122070312,156.80999755859375,156.81199645996094,156.81199645996094,146419
2022-07-28 12:19:00-04:00,156.8000030517578,156.8000030517578,156.6699981689453,156.7550048828125,156.7550048828125,206925
2022-07-28 12:20:00-04:00,156.75999450683594,156.77999877929688,156.61000061035156,156.71749877929688,156.71749877929688,144333
2022-07-28 12:21:00-04:00,156.71499633789062,156.8699951171875,156.7050018310547,156.77999877929688,156.77999877929688,130836
2022-07-28 12:22:00-04:00,156.7899932861328,156.89999389648438,156.7899932861328,156.88999938964844,156.88999938964844,113829
2022-07-28 12:23:00-04:00,156.88999938964844,156.9600067138672,156.82000732421875,156.94500732421875,156.94500732421875,97232
2022-07-28 12:24:00-04:00,156.93499755859375,157.0,156.93499755859375,156.97999572753906,156.97999572753906,82618
2022-07-28 12:25:00-04:00,156.99000549316406,157.00999450683594,156.88999938964844,156.89999389648438,156.89999389648438,85367
2022-07-28 12:26:00-04:00,156.90499877929688,156.97000122070312,156.84500122070312,156.84500122070312,156.84500122070312,104312
2022-07-28 12:27:00-04:00,156.84500122070312,156.89999389648438,156.80499267578125,156.87989807128906,156.87989807128906,74114
2022-07-28 12:28:00-04:00,156.8800048828125,156.9949951171875,156.875,156.9871063232422,156.9871063232422,69451
2022-07-28 12:29:00-04:00,156.98910522460938,157.07000732421875,156.91000366210938,156.99009704589844,156.99009704589844,161766
2022-07-28 12:30:00-04:00,157.00999450683594,157.1199951171875,156.97000122070312,157.1199951171875,157.1199951171875,108998
2022-07-28 12:31:00-04:00,157.1199951171875,157.1699981689453,157.0500030517578,157.11000061035156,157.11000061035156,102773
2022-07-28 12:32:00-04:00,157.10000610351562,157.11500549316406,156.99000549316406,157.01499938964844,157.01499938964844,95353
2022-07-28 12:33:00-04:00,157.02000427246094,157.02000427246094,156.75,156.79989624023438,156.79989624023438,191500
2022-07-28 12:34:00-04:00,156.79010009765625,156.8800048828125,156.76449584960938,156.87229919433594,156.87229919433594,70724
2022-07-28 12:35:00-04:00,156.87060546875,156.9600067138672,156.8000030517578,156.80499267578125,156.80499267578125,92179
2022-07-28 12:36:00-04:00,156.80999755859375,156.91000366210938,156.77999877929688,156.85000610351562,156.85000610351562,113721
2022-07-28 12:37:00-04:00,156.86000061035156,156.89999389648438,156.81829833984375,156.85000610351562,156.85000610351562,41483
2022-07-28 12:38:00-04:00,156.8394012451172,156.88519287109375,156.8000030517578,156.8800048828125,156.8800048828125,45012
2022-07-28 12:39:00-04:00,156.8800048828125,156.89979553222656,156.814697265625,156.85899353027344,156.85899353027344,58066
2022-07-28 12:40:00-04:00,156.86000061035156,156.875,156.78500366210938,156.83999633789062,156.83999633789062,59352
2022-07-28 12:41:00-04:00,156.85000610351562,156.85000610351562,156.75999450683594,156.8105010986328,156.8105010986328,72560
2022-07-28 12:42:00-04:00,156.80999755859375,156.86000061035156,156.8000030517578,156.8350067138672,156.8350067138672,61838
2022-07-28 12:43:00-04:00,156.8300018310547,156.8699951171875,156.7899932861328,156.84500122070312,156.84500122070312,71454
2022-07-28 12:44:00-04:00,156.83999633789062,156.8690948486328,156.77000427246094,156.84500122070312,156.84500122070312,66694
2022-07-28 12:45:00-04:00,156.85000610351562,156.90499877929688,156.80999755859375,156.8115997314453,156.8115997314453,85522
2022-07-28 12:46:00-04:00,156.81500244140625,156.86990356445312,156.77369689941406,156.85499572753906,156.85499572753906,84002
2022-07-28 12:47:00-04:00,156.86000061035156,156.8699951171875,156.7799072265625,156.80999755859375,156.80999755859375,60966
2022-07-28 12:48:00-04:00,156.8000030517578,156.83999633789062,156.69000244140625,156.7200927734375,156.7200927734375,68250
2022-07-28 12:49:00-04:00,156.7200927734375,156.7200927734375,156.57000732421875,156.6300048828125,156.6300048828125,164670
2022-07-28 12:50:00-04:00,156.622802734375,156.6300048828125,156.5,156.52499389648438,156.52499389648438,105747
2022-07-28 12:51:00-04:00,156.52870178222656,156.59500122070312,156.44000244140625,156.55999755859375,156.55999755859375,86673
2022-07-28 12:52:00-04:00,156.56500244140625,156.6999969482422,156.55999755859375,156.69000244140625,156.69000244140625,111964
2022-07-28 12:53:00-04:00,156.6999969482422,156.7449951171875,156.67849731445312,156.73500061035156,156.73500061035156,96568
2022-07-28 12:54:00-04:00,156.73500061035156,156.77000427246094,156.6448974609375,156.75999450683594,156.75999450683594,103334
2022-07-28 12:55:00-04:00,156.76499938964844,156.78399658203125,156.6999969482422,156.7050018310547,156.7050018310547,68719
2022-07-28 12:56:00-04:00,156.6999969482422,156.6999969482422,156.60000610351562,156.61000061035156,156.61000061035156,112315
2022-07-28 12:57:00-04:00,156.60499572753906,156.7100067138672,156.5850067138672,156.58999633789062,156.58999633789062,123604
2022-07-28 12:58:00-04:00,156.58999633789062,156.60000610351562,156.5050048828125,156.5207061767578,156.5207061767578,111735
2022-07-28 12:59:00-04:00,156.50999450683594,156.63999938964844,156.4499969482422,156.4499969482422,156.4499969482422,86084
2022-07-28 13:00:00-04:00,156.4499969482422,156.52000427246094,156.30999755859375,156.32000732421875,156.32000732421875,146768
2022-07-28 13:01:00-04:00,156.30999755859375,156.37010192871094,156.16000366210938,156.20089721679688,156.20089721679688,201052
2022-07-28 13:02:00-04:00,156.2100067138672,156.3300018310547,156.1699981689453,156.2050018310547,156.2050018310547,123794
2022-07-28 13:03:00-04:00,156.2100067138672,156.3699951171875,156.2050018310547,156.31089782714844,156.31089782714844,118414
2022-07-28 13:04:00-04:00,156.31500244140625,156.39999389648438,156.3000030517578,156.39999389648438,156.39999389648438,85357
2022-07-28 13:05:00-04:00,156.40499877929688,156.4199981689453,156.26499938964844,156.3000030517578,156.3000030517578,110917
2022-07-28 13:06:00-04:00,156.3000030517578,156.5399932861328,156.2899932861328,156.51010131835938,156.51010131835938,337970
2022-07-28 13:07:00-04:00,156.52000427246094,156.6082000732422,156.51499938964844,156.5980987548828,156.5980987548828,74575
2022-07-28 13:08:00-04:00,156.61000061035156,156.61000061035156,156.48500061035156,156.48500061035156,156.48500061035156,80872
2022-07-28 13:09:00-04:00,156.48500061035156,156.57000732421875,156.47500610351562,156.5399932861328,156.5399932861328,65004
2022-07-28 13:10:00-04:00,156.55999755859375,156.5850067138672,156.51499938964844,156.56500244140625,156.56500244140625,62067
2022-07-28 13:11:00-04:00,156.57000732421875,156.75,156.5500030517578,156.7449951171875,156.7449951171875,98474
2022-07-28 13:12:00-04:00,156.72999572753906,156.75750732421875,156.67999267578125,156.72000122070312,156.72000122070312,82746
2022-07-28 13:13:00-04:00,156.71249389648438,156.86000061035156,156.7100067138672,156.82000732421875,156.82000732421875,175977
2022-07-28 13:14:00-04:00,156.80999755859375,156.89999389648438,156.8000030517578,156.83999633789062,156.83999633789062,117666
2022-07-28 13:15:00-04:00,156.85000610351562,156.8800048828125,156.77999877929688,156.84210205078125,156.84210205078125,96898
2022-07-28 13:16:00-04:00,156.83999633789062,156.8800048828125,156.8000030517578,156.85000610351562,156.85000610351562,59831
2022-07-28 13:17:00-04:00,156.8524932861328,156.9499969482422,156.8249969482422,156.94009399414062,156.94009399414062,145354
2022-07-28 13:18:00-04:00,156.94500732421875,156.9698944091797,156.91000366210938,156.94000244140625,156.94000244140625,120934
2022-07-28 13:19:00-04:00,156.92999267578125,156.99000549316406,156.91000366210938,156.97500610351562,156.97500610351562,105522
2022-07-28 13:20:00-04:00,156.97329711914062,157.02999877929688,156.9499969482422,156.9803924560547,156.9803924560547,133203
2022-07-28 13:21:00-04:00,156.9801025390625,157.1199951171875,156.9600067138672,157.08999633789062,157.08999633789062,153746
2022-07-28 13:22:00-04:00,157.0800018310547,157.1199951171875,157.0399932861328,157.11929321289062,157.11929321289062,117277
2022-07-28 13:23:00-04:00,157.1199951171875,157.13999938964844,157.09010314941406,157.10499572753906,157.10499572753906,92472
2022-07-28 13:24:00-04:00,157.08990478515625,157.08990478515625,157.00999450683594,157.02999877929688,157.02999877929688,87775
2022-07-28 13:25:00-04:00,157.02999877929688,157.10549926757812,157.00999450683594,157.08009338378906,157.08009338378906,102466
2022-07-28 13:26:00-04:00,157.0800018310547,157.09500122070312,156.94000244140625,157.00999450683594,157.00999450683594,139431
2022-07-28 13:27:00-04:00,157.00880432128906,157.08999633789062,156.99000549316406,157.07000732421875,157.07000732421875,60043
2022-07-28 13:28:00-04:00,157.07000732421875,157.07000732421875,156.92999267578125,156.9600067138672,156.9600067138672,62420
2022-07-28 13:29:00-04:00,156.95010375976562,157.0,156.92999267578125,156.9705047607422,156.9705047607422,53478
2022-07-28 13:30:00-04:00,156.97500610351562,156.99659729003906,156.9199981689453,156.94000244140625,156.94000244140625,62933
2022-07-28 13:31:00-04:00,156.92999267578125,157.0,156.9250030517578,156.9799041748047,156.9799041748047,59302
2022-07-28 13:32:00-04:00,156.97999572753906,157.0399932861328,156.94500732421875,157.02789306640625,157.02789306640625,77434
2022-07-28 13:33:00-04:00,157.02999877929688,157.1199951171875,157.02999877929688,157.11000061035156,157.11000061035156,79883
2022-07-28 13:34:00-04:00,157.11000061035156,157.1300048828125,157.09010314941406,157.11900329589844,157.11900329589844,73434
2022-07-28 13:35:00-04:00,157.1199951171875,157.22999572753906,157.10000610351562,157.17010498046875,157.17010498046875,152288
2022-07-28 13:36:00-04:00,157.1699981689453,157.23910522460938,157.08929443359375,157.23910522460938,157.23910522460938,143344
2022-07-28 13:37:00-04:00,157.23849487304688,157.35000610351562,157.2050018310547,157.33999633789062,157.33999633789062,221627
2022-07-28 13:38:00-04:00,157.3300018310547,157.40589904785156,157.27999877929688,157.36749267578125,157.36749267578125,292629
2022-07-28 13:39:00-04:00,157.3699951171875,157.3699951171875,157.2100067138672,157.27000427246094,157.27000427246094,161364
2022-07-28 13:40:00-04:00,157.27000427246094,157.42999267578125,157.25999450683594,157.4149932861328,157.4149932861328,117639
2022-07-28 13:41:00-04:00,157.41200256347656,157.49000549316406,157.41200256347656,157.4716033935547,157.4716033935547,127771
2022-07-28 13:42:00-04:00,157.47999572753906,157.63999938964844,157.4499969482422,157.635498046875,157.635498046875,345421
2022-07-28 13:43:00-04:00,157.63999938964844,157.63999938964844,157.5399932861328,157.61000061035156,157.61000061035156,138367
2022-07-28 13:44:00-04:00,157.61000061035156,157.6300048828125,157.5,157.51499938964844,157.51499938964844,142280
2022-07-28 13:45:00-04:00,157.50999450683594,157.52999877929688,157.4499969482422,157.52000427246094,157.52000427246094,127374
2022-07-28 13:46:00-04:00,157.52000427246094,157.5561981201172,157.4499969482422,157.4600067138672,157.4600067138672,81395
2022-07-28 13:47:00-04:00,157.4600067138672,157.52430725097656,157.39999389648438,157.41000366210938,157.41000366210938,86441
2022-07-28 13:48:00-04:00,157.4149932861328,157.45989990234375,157.39999389648438,157.4250030517578,157.4250030517578,62608
2022-07-28 13:49:00-04:00,157.42999267578125,157.5,157.4199981689453,157.45010375976562,157.45010375976562,108960
2022-07-28 13:50:00-04:00,157.4550018310547,157.4550018310547,157.32000732421875,157.33990478515625,157.33990478515625,85375
2022-07-28 13:51:00-04:00,157.3350067138672,157.3699951171875,157.27000427246094,157.28919982910156,157.28919982910156,74890
2022-07-28 13:52:00-04:00,157.28500366210938,157.30999755859375,157.2100067138672,157.26499938964844,157.26499938964844,82487
2022-07-28 13:53:00-04:00,157.27000427246094,157.33990478515625,157.25469970703125,157.30499267578125,157.30499267578125,87635
2022-07-28 13:54:00-04:00,157.30499267578125,157.3350067138672,157.2050018310547,157.2100067138672,157.2100067138672,81763
2022-07-28 13:55:00-04:00,157.218994140625,157.3061065673828,157.17999267578125,157.2700958251953,157.2700958251953,80759
2022-07-28 13:56:00-04:00,157.2799072265625,157.3300018310547,157.27499389648438,157.30999755859375,157.30999755859375,83066
2022-07-28 13:57:00-04:00,157.3011932373047,157.50999450683594,157.25999450683594,157.4698944091797,157.4698944091797,205849
2022-07-28 13:58:00-04:00,157.4698944091797,157.5,157.38999938964844,157.42840576171875,157.42840576171875,112571
2022-07-28 13:59:00-04:00,157.4199981689453,157.47999572753906,157.35000610351562,157.35499572753906,157.35499572753906,91700
2022-07-28 14:00:00-04:00,157.3520965576172,157.3800048828125,157.18499755859375,157.25999450683594,157.25999450683594,225525
2022-07-28 14:01:00-04:00,157.2799072265625,157.3000030517578,157.19000244140625,157.2100067138672,157.2100067138672,94265
2022-07-28 14:02:00-04:00,157.2100067138672,157.33299255371094,157.2100067138672,157.32000732421875,157.32000732421875,115355
2022-07-28 14:03:00-04:00,157.32000732421875,157.3300018310547,157.2303009033203,157.26499938964844,157.26499938964844,57956
2022-07-28 14:04:00-04:00,157.26499938964844,157.3350067138672,157.24000549316406,157.28500366210938,157.28500366210938,112166
2022-07-28 14:05:00-04:00,157.27999877929688,157.30999755859375,157.25,157.26800537109375,157.26800537109375,91422
2022-07-28 14:06:00-04:00,157.25999450683594,157.27000427246094,157.1699981689453,157.17999267578125,157.17999267578125,186449
2022-07-28 14:07:00-04:00,157.181396484375,157.2100067138672,157.1199951171875,157.1199951171875,157.1199951171875,127585
2022-07-28 14:08:00-04:00,157.1300048828125,157.17970275878906,157.10330200195312,157.13999938964844,157.13999938964844,87332
2022-07-28 14:09:00-04:00,157.13949584960938,157.25999450683594,157.1300048828125,157.22000122070312,157.22000122070312,105395
2022-07-28 14:10:00-04:00,157.20010375976562,157.3000030517578,157.1999969482422,157.3000030517578,157.3000030517578,78615
2022-07-28 14:11:00-04:00,157.2899932861328,157.33999633789062,157.16000366210938,157.25,157.25,185093
2022-07-28 14:12:00-04:00,157.25010681152344,157.30999755859375,157.22999572753906,157.24000549316406,157.24000549316406,102384
2022-07-28 14:13:00-04:00,157.24000549316406,157.27000427246094,157.19000244140625,157.19000244140625,157.19000244140625,67983
2022-07-28 14:14:00-04:00,157.19000244140625,157.24000549316406,157.16000366210938,157.19500732421875,157.19500732421875,86036
2022-07-28 14:15:00-04:00,157.1999969482422,157.2657928466797,157.1699981689453,157.26499938964844,157.26499938964844,78558
2022-07-28 14:16:00-04:00,157.25999450683594,157.2899932861328,157.21499633789062,157.27999877929688,157.27999877929688,96363
2022-07-28 14:17:00-04:00,157.27499389648438,157.27499389648438,157.22500610351562,157.23069763183594,157.23069763183594,78189
2022-07-28 14:18:00-04:00,157.23719787597656,157.27000427246094,157.2100067138672,157.24000549316406,157.24000549316406,70881
2022-07-28 14:19:00-04:00,157.2449951171875,157.25,157.11000061035156,157.12989807128906,157.12989807128906,122022
2022-07-28 14:20:00-04:00,157.1199951171875,157.125,157.00999450683594,157.00999450683594,157.00999450683594,156218
2022-07-28 14:21:00-04:00,157.01499938964844,157.0498046875,156.9199981689453,157.02000427246094,157.02000427246094,146039
2022-07-28 14:22:00-04:00,157.02000427246094,157.08999633789062,156.96009826660156,157.0500030517578,157.0500030517578,94120
2022-07-28 14:23:00-04:00,157.0428009033203,157.05999755859375,156.97999572753906,157.0124969482422,157.0124969482422,77831
2022-07-28 14:24:00-04:00,157.00999450683594,157.02999877929688,156.94000244140625,157.0,157.0,119883
2022-07-28 14:25:00-04:00,157.0,157.00999450683594,156.85499572753906,156.89500427246094,156.89500427246094,132516
2022-07-28 14:26:00-04:00,156.89999389648438,156.97000122070312,156.8699951171875,156.9600067138672,156.9600067138672,131328
2022-07-28 14:27:00-04:00,156.97000122070312,157.00999450683594,156.89999389648438,156.92999267578125,156.92999267578125,139080
2022-07-28 14:28:00-04:00,156.94000244140625,156.9600067138672,156.8300018310547,156.88999938964844,156.88999938964844,127377
2022-07-28 14:29:00-04:00,156.88999938964844,156.9499969482422,156.85000610351562,156.85000610351562,156.85000610351562,122939
2022-07-28 14:30:00-04:00,156.85499572753906,156.9250030517578,156.80999755859375,156.84500122070312,156.84500122070312,154865
2022-07-28 14:31:00-04:00,156.85000610351562,156.85989379882812,156.72999572753906,156.75,156.75,170548
2022-07-28 14:32:00-04:00,156.75,156.76499938964844,156.66000366210938,156.72500610351562,156.72500610351562,171985
2022-07-28 14:33:00-04:00,156.72000122070312,156.72000122070312,156.60000610351562,156.6999969482422,156.6999969482422,138462
2022-07-28 14:34:00-04:00,156.6999969482422,156.84500122070312,156.6999969482422,156.80499267578125,156.80499267578125,157292
2022-07-28 14:35:00-04:00,156.80499267578125,156.83999633789062,156.75,156.8000030517578,156.8000030517578,107988
2022-07-28 14:36:00-04:00,156.80999755859375,156.9300994873047,156.7899932861328,156.80499267578125,156.80499267578125,214963
2022-07-28 14:37:00-04:00,156.80499267578125,156.85499572753906,156.7550048828125,156.75999450683594,156.75999450683594,124635
2022-07-28 14:38:00-04:00,156.7574005126953,156.80419921875,156.72999572753906,156.7949981689453,156.7949981689453,82616
2022-07-28 14:39:00-04:00,156.7899932861328,156.875,156.74000549316406,156.86500549316406,156.86500549316406,94324
2022-07-28 14:40:00-04:00,156.86500549316406,156.9149932861328,156.8000030517578,156.89239501953125,156.89239501953125,132892
2022-07-28 14:41:00-04:00,156.89500427246094,156.92999267578125,156.8699951171875,156.91000366210938,156.91000366210938,95794
2022-07-28 14:42:00-04:00,156.91329956054688,157.02749633789062,156.91110229492188,156.97000122070312,156.97000122070312,138720
2022-07-28 14:43:00-04:00,156.97120666503906,157.02000427246094,156.92999267578125,156.9600067138672,156.9600067138672,112886
2022-07-28 14:44:00-04:00,156.9600067138672,157.0399932861328,156.94000244140625,156.98500061035156,156.98500061035156,131546
2022-07-28 14:45:00-04:00,156.97999572753906,157.0399932861328,156.93499755859375,157.02000427246094,157.02000427246094,112069
2022-07-28 14:46:00-04:00,157.02000427246094,157.02999877929688,156.93499755859375,157.00999450683594,157.00999450683594,124822
2022-07-28 14:47:00-04:00,157.00999450683594,157.0850067138672,156.99000549316406,157.06500244140625,157.06500244140625,122062
2022-07-28 14:48:00-04:00,157.07000732421875,157.08999633789062,157.02000427246094,157.0697021484375,157.0697021484375,102122
2022-07-28 14:49:00-04:00,157.06500244140625,157.16000366210938,157.0399932861328,157.15499877929688,157.15499877929688,113150
2022-07-28 14:50:00-04:00,157.1501007080078,157.2100067138672,157.0500030517578,157.10360717773438,157.10360717773438,200470
2022-07-28 14:51:00-04:00,157.10000610351562,157.22999572753906,157.06500244140625,157.1699981689453,157.1699981689453,161765
2022-07-28 14:52:00-04:00,157.15499877929688,157.27549743652344,157.15499877929688,157.2707061767578,157.2707061767578,102084
2022-07-28 14:53:00-04:00,157.27000427246094,157.27999877929688,157.15499877929688,157.22500610351562,157.22500610351562,133991
2022-07-28 14:54:00-04:00,157.22000122070312,157.38999938964844,157.22000122070312,157.35000610351562,157.35000610351562,185350
2022-07-28 14:55:00-04:00,157.36000061035156,157.39999389648438,157.27330017089844,157.3000030517578,157.3000030517578,137029
2022-07-28 14:56:00-04:00,157.30499267578125,157.35499572753906,157.25,157.35000610351562,157.35000610351562,89353
2022-07-28 14:57:00-04:00,157.35499572753906,157.3699951171875,157.22000122070312,157.2550048828125,157.2550048828125,134404
2022-07-28 14:58:00-04:00,157.24000549316406,157.3000030517578,157.1699981689453,157.25990295410156,157.25990295410156,212121
2022-07-28 14:59:00-04:00,157.25999450683594,157.32000732421875,157.25999450683594,157.27000427246094,157.27000427246094,107088
2022-07-28 15:00:00-04:00,157.27999877929688,157.39999389648438,157.22999572753906,157.22999572753906,157.22999572753906,174614
2022-07-28 15:01:00-04:00,157.23500061035156,157.30999755859375,157.22999572753906,157.2550048828125,157.2550048828125,114863
2022-07-28 15:02:00-04:00,157.25999450683594,157.36000061035156,157.2449951171875,157.35499572753906,157.35499572753906,152950
2022-07-28 15:03:00-04:00,157.36000061035156,157.3800048828125,157.30999755859375,157.33999633789062,157.33999633789062,108122
2022-07-28 15:04:00-04:00,157.34500122070312,157.4199981689453,157.30999755859375,157.33999633789062,157.33999633789062,146592
2022-07-28 15:05:00-04:00,157.35000610351562,157.49000549316406,157.33999633789062,157.41000366210938,157.41000366210938,201883
2022-07-28 15:06:00-04:00,157.4199981689453,157.60000610351562,157.41000366210938,157.53500366210938,157.53500366210938,280580
2022-07-28 15:07:00-04:00,157.5399932861328,157.5399932861328,157.3300018310547,157.35899353027344,157.35899353027344,175257
2022-07-28 15:08:00-04:00,157.36000061035156,157.38999938964844,157.10499572753906,157.1699981689453,157.1699981689453,247482
2022-07-28 15:09:00-04:00,157.16000366210938,157.25999450683594,157.1230010986328,157.24819946289062,157.24819946289062,151214
2022-07-28 15:10:00-04:00,157.24009704589844,157.26499938964844,157.19000244140625,157.2100067138672,157.2100067138672,139170
2022-07-28 15:11:00-04:00,157.2100067138672,157.22000122070312,157.0800018310547,157.19000244140625,157.19000244140625,112676
2022-07-28 15:12:00-04:00,157.19000244140625,157.2100067138672,157.13999938964844,157.2010040283203,157.2010040283203,95938
2022-07-28 15:13:00-04:00,157.2050018310547,157.3000030517578,157.17999267578125,157.2550048828125,157.2550048828125,120726
2022-07-28 15:14:00-04:00,157.2550048828125,157.3000030517578,157.1999969482422,157.2886962890625,157.2886962890625,111663
2022-07-28 15:15:00-04:00,157.28500366210938,157.30999755859375,157.1649932861328,157.2050018310547,157.2050018310547,114537
2022-07-28 15:16:00-04:00,157.2100067138672,157.2299041748047,157.09500122070312,157.19000244140625,157.19000244140625,142862
2022-07-28 15:17:00-04:00,157.19000244140625,157.1999969482422,157.13009643554688,157.16000366210938,157.16000366210938,109425
2022-07-28 15:18:00-04:00,157.1699981689453,157.27000427246094,157.16529846191406,157.25999450683594,157.25999450683594,122142
2022-07-28 15:19:00-04:00,157.25999450683594,157.27000427246094,157.2050018310547,157.22500610351562,157.22500610351562,80442
2022-07-28 15:20:00-04:00,157.22999572753906,157.3300018310547,157.22500610351562,157.2550048828125,157.2550048828125,148923
2022-07-28 15:21:00-04:00,157.2550048828125,157.33990478515625,157.1999969482422,157.21499633789062,157.21499633789062,200881
2022-07-28 15:22:00-04:00,157.2144012451172,157.26499938964844,157.1199951171875,157.1300048828125,157.1300048828125,139845
2022-07-28 15:23:00-04:00,157.1199951171875,157.22999572753906,157.1199951171875,157.20359802246094,157.20359802246094,134915
2022-07-28 15:24:00-04:00,157.19110107421875,157.2899932861328,157.17999267578125,157.2899932861328,157.2899932861328,85231
2022-07-28 15:25:00-04:00,157.2899932861328,157.32000732421875,157.16000366210938,157.2100067138672,157.2100067138672,127185
2022-07-28 15:26:00-04:00,157.2100067138672,157.27999877929688,157.16000366210938,157.20860290527344,157.20860290527344,177125
2022-07-28 15:27:00-04:00,157.2100067138672,157.25990295410156,157.19500732421875,157.22000122070312,157.22000122070312,131915
2022-07-28 15:28:00-04:00,157.22000122070312,157.27000427246094,157.17999267578125,157.2550048828125,157.2550048828125,115322
2022-07-28 15:29:00-04:00,157.25999450683594,157.32000732421875,157.24000549316406,157.30499267578125,157.30499267578125,172328
2022-07-28 15:30:00-04:00,157.3000946044922,157.3350067138672,157.21270751953125,157.25,157.25,162088
2022-07-28 15:31:00-04:00,157.2476043701172,157.27000427246094,157.16000366210938,157.18499755859375,157.18499755859375,168607
2022-07-28 15:32:00-04:00,157.17999267578125,157.22000122070312,157.13999938964844,157.1999969482422,157.1999969482422,120915
2022-07-28 15:33:00-04:00,157.2100067138672,157.22000122070312,157.1300048828125,157.14999389648438,157.14999389648438,149911
2022-07-28 15:34:00-04:00,157.1699981689453,157.2100067138672,157.11000061035156,157.1199951171875,157.1199951171875,164881
2022-07-28 15:35:00-04:00,157.1199951171875,157.14999389648438,157.0,157.0050048828125,157.0050048828125,234285
2022-07-28 15:36:00-04:00,157.00999450683594,157.06500244140625,156.97000122070312,156.98890686035156,156.98890686035156,188271
2022-07-28 15:37:00-04:00,156.99000549316406,157.02999877929688,156.88999938964844,156.9199981689453,156.9199981689453,234906
2022-07-28 15:38:00-04:00,156.9199981689453,157.02499389648438,156.83999633789062,156.85000610351562,156.85000610351562,167164
2022-07-28 15:39:00-04:00,156.85000610351562,156.94000244140625,156.84010314941406,156.8699951171875,156.8699951171875,199538
2022-07-28 15:40:00-04:00,156.8699951171875,156.89500427246094,156.64999389648438,156.6699981689453,156.6699981689453,234216
2022-07-28 15:41:00-04:00,156.6699981689453,156.74000549316406,156.66000366210938,156.7050018310547,156.7050018310547,178847
2022-07-28 15:42:00-04:00,156.7050018310547,156.80999755859375,156.69000244140625,156.7899932861328,156.7899932861328,215303
2022-07-28 15:43:00-04:00,156.8000030517578,156.85000610351562,156.77000427246094,156.8300018310547,156.8300018310547,163413
2022-07-28 15:44:00-04:00,156.8350067138672,156.83999633789062,156.77999877929688,156.8249969482422,156.8249969482422,159784
2022-07-28 15:45:00-04:00,156.82000732421875,156.91000366210938,156.63999938964844,156.73500061035156,156.73500061035156,382958
2022-07-28 15:46:00-04:00,156.72500610351562,156.91000366210938,156.72000122070312,156.86199951171875,156.86199951171875,220296
2022-07-28 15:47:00-04:00,156.8699951171875,156.94000244140625,156.8000030517578,156.9136962890625,156.9136962890625,254839
2022-07-28 15:48:00-04:00,156.9250030517578,156.92999267578125,156.86500549316406,156.91000366210938,156.91000366210938,193162
2022-07-28 15:49:00-04:00,156.91009521484375,156.98219299316406,156.8699951171875,156.96009826660156,156.96009826660156,187295
2022-07-28 15:50:00-04:00,156.9600067138672,157.17999267578125,156.82000732421875,157.06500244140625,157.06500244140625,495406
2022-07-28 15:51:00-04:00,157.07000732421875,157.2100067138672,157.05999755859375,157.1300048828125,157.1300048828125,328633
2022-07-28 15:52:00-04:00,157.1199951171875,157.27000427246094,157.0500030517578,157.16990661621094,157.16990661621094,437236
2022-07-28 15:53:00-04:00,157.1699981689453,157.17999267578125,157.0500030517578,157.1699981689453,157.1699981689453,265516
2022-07-28 15:54:00-04:00,157.17999267578125,157.35000610351562,157.14500427246094,157.18910217285156,157.18910217285156,426497
2022-07-28 15:55:00-04:00,157.17999267578125,157.1999969482422,157.02000427246094,157.14999389648438,157.14999389648438,426021
2022-07-28 15:56:00-04:00,157.13999938964844,157.25,157.0500030517578,157.10499572753906,157.10499572753906,438300
2022-07-28 15:57:00-04:00,157.11000061035156,157.22999572753906,157.0399932861328,157.21200561523438,157.21200561523438,548761
2022-07-28 15:58:00-04:00,157.2100067138672,157.4199981689453,157.2100067138672,157.4084014892578,157.4084014892578,740820
2022-07-28 15:59:00-04:00,157.39500427246094,157.60000610351562,157.0,157.3000030517578,157.3000030517578,1044776
